{
	"credit": "Made with Blockbench",
	"texture_size": [64, 64],
	"textures": {
		"0": "custom/dagger_blade_texture",
		"1": "custom/dagger_handle_texture",
		"2": "custom/dagger_gem_texture"
	},
	"elements": [
		{
			"from": [7.42667, 9.70667, 7.46333],
			"to": [7.57333, 10.70667, 7.53667],
			"rotation": {"angle": 0, "axis": "y", "origin": [7.50593, 4.43815, 7.62454]},
			"faces": {
				"north": {"uv": [0, 0, 15.75, 16], "texture": "#0"},
				"east": {"uv": [0, 0, 15.75, 16], "texture": "#0"},
				"south": {"uv": [0, 0, 15.75, 16], "texture": "#0"},
				"west": {"uv": [0, 0, 15.75, 16], "texture": "#0"},
				"up": {"uv": [0, 0, 15.75, 16], "texture": "#0"},
				"down": {"uv": [0, 0, 15.75, 16], "texture": "#0"}
			}
		},
		{
			"from": [7.32, 8.74667, 7.46333],
			"to": [7.68, 9.74667, 7.53667],
			"rotation": {"angle": 0, "axis": "y", "origin": [7.50593, 4.43815, 7.62454]},
			"faces": {
				"north": {"uv": [0, 0, 15.75, 16], "texture": "#0"},
				"east": {"uv": [0, 0, 15.75, 16], "texture": "#0"},
				"south": {"uv": [0, 0, 15.75, 16], "texture": "#0"},
				"west": {"uv": [0, 0, 15.75, 16], "texture": "#0"},
				"up": {"uv": [0, 0, 15.75, 16], "texture": "#0"},
				"down": {"uv": [0, 0, 15.75, 16], "texture": "#0"}
			}
		},
		{
			"from": [7.21333, 7.78667, 7.46333],
			"to": [7.78667, 8.78667, 7.53667],
			"rotation": {"angle": 0, "axis": "y", "origin": [7.50593, 4.43815, 7.62454]},
			"faces": {
				"north": {"uv": [0, 0, 15.75, 16], "texture": "#0"},
				"east": {"uv": [0, 0, 15.75, 16], "texture": "#0"},
				"south": {"uv": [0, 0, 15.75, 16], "texture": "#0"},
				"west": {"uv": [0, 0, 15.75, 16], "texture": "#0"},
				"up": {"uv": [0, 0, 15.75, 16], "texture": "#0"},
				"down": {"uv": [0, 0, 15.75, 16], "texture": "#0"}
			}
		},
		{
			"from": [7.16, 6.82667, 7.46333],
			"to": [7.84, 7.82667, 7.53667],
			"rotation": {"angle": 0, "axis": "y", "origin": [7.50593, 4.43815, 7.62454]},
			"faces": {
				"north": {"uv": [0, 0, 15.75, 16], "texture": "#0"},
				"east": {"uv": [0, 0, 15.75, 16], "texture": "#0"},
				"south": {"uv": [0, 0, 15.75, 16], "texture": "#0"},
				"west": {"uv": [0, 0, 15.75, 16], "texture": "#0"},
				"up": {"uv": [0, 0, 15.75, 16], "texture": "#0"},
				"down": {"uv": [0, 0, 15.75, 16], "texture": "#0"}
			}
		},
		{
			"from": [7.10667, 5.86667, 7.41],
			"to": [7.89333, 6.86667, 7.59],
			"rotation": {"angle": 0, "axis": "y", "origin": [7.50593, 4.43815, 7.62454]},
			"faces": {
				"north": {"uv": [0, 0, 15.75, 16], "texture": "#0"},
				"east": {"uv": [0, 0, 15.75, 16], "texture": "#0"},
				"south": {"uv": [0, 0, 15.75, 16], "texture": "#0"},
				"west": {"uv": [0, 0, 15.75, 16], "texture": "#0"},
				"up": {"uv": [0, 0, 15.75, 16], "texture": "#0"},
				"down": {"uv": [0, 0, 15.75, 16], "texture": "#0"}
			}
		},
		{
			"from": [7.05333, 4.90667, 7.41],
			"to": [7.94667, 5.90667, 7.59],
			"rotation": {"angle": 0, "axis": "y", "origin": [7.50593, 4.43815, 7.62454]},
			"faces": {
				"north": {"uv": [0, 0, 15.75, 16], "texture": "#0"},
				"east": {"uv": [0, 0, 15.75, 16], "texture": "#0"},
				"south": {"uv": [0, 0, 15.75, 16], "texture": "#0"},
				"west": {"uv": [0, 0, 15.75, 16], "texture": "#0"},
				"up": {"uv": [0, 0, 15.75, 16], "texture": "#0"},
				"down": {"uv": [0, 0, 15.75, 16], "texture": "#0"}
			}
		},
		{
			"from": [7, 3.94667, 7.35667],
			"to": [8, 4.94667, 7.64333],
			"rotation": {"angle": 0, "axis": "y", "origin": [7.50593, 4.43815, 7.62454]},
			"faces": {
				"north": {"uv": [0, 0, 15.75, 16], "texture": "#0"},
				"east": {"uv": [0, 0, 15.75, 16], "texture": "#0"},
				"south": {"uv": [0, 0, 15.75, 16], "texture": "#0"},
				"west": {"uv": [0, 0, 15.75, 16], "texture": "#0"},
				"up": {"uv": [0, 0, 15.75, 16], "texture": "#0"},
				"down": {"uv": [0, 0, 15.75, 16], "texture": "#0"}
			}
		},
		{
			"from": [7.32, 1.10667, 8],
			"to": [7.73333, 1.46667, 8.10667],
			"rotation": {"angle": 0, "axis": "y", "origin": [7.50593, 4.43815, 7.62454]},
			"faces": {
				"north": {"uv": [0, 0, 16, 16], "texture": "#2"},
				"east": {"uv": [0, 0, 16, 16], "texture": "#2"},
				"south": {"uv": [0, 0, 16, 16], "texture": "#2"},
				"west": {"uv": [0, 0, 16, 16], "texture": "#2"},
				"up": {"uv": [0, 0, 16, 16], "texture": "#2"},
				"down": {"uv": [0, 0, 16, 16], "texture": "#2"}
			}
		},
		{
			"from": [7.32, 1.64, 8],
			"to": [7.73333, 2, 8.10667],
			"rotation": {"angle": 0, "axis": "y", "origin": [7.50593, 4.43815, 7.62454]},
			"faces": {
				"north": {"uv": [0, 0, 16, 16], "texture": "#2"},
				"east": {"uv": [0, 0, 16, 16], "texture": "#2"},
				"south": {"uv": [0, 0, 16, 16], "texture": "#2"},
				"west": {"uv": [0, 0, 16, 16], "texture": "#2"},
				"up": {"uv": [0, 0, 16, 16], "texture": "#2"},
				"down": {"uv": [0, 0, 16, 16], "texture": "#2"}
			}
		},
		{
			"from": [7.32, 2.17333, 8],
			"to": [7.73333, 2.53333, 8.10667],
			"rotation": {"angle": 0, "axis": "y", "origin": [7.50593, 4.43815, 7.62454]},
			"faces": {
				"north": {"uv": [0, 0, 16, 16], "texture": "#2"},
				"east": {"uv": [0, 0, 16, 16], "texture": "#2"},
				"south": {"uv": [0, 0, 16, 16], "texture": "#2"},
				"west": {"uv": [0, 0, 16, 16], "texture": "#2"},
				"up": {"uv": [0, 0, 16, 16], "texture": "#2"},
				"down": {"uv": [0, 0, 16, 16], "texture": "#2"}
			}
		},
		{
			"from": [7.32, 2.65333, 8],
			"to": [7.73333, 3.01333, 8.10667],
			"rotation": {"angle": 0, "axis": "y", "origin": [7.50593, 4.43815, 7.62454]},
			"faces": {
				"north": {"uv": [0, 0, 16, 16], "texture": "#2"},
				"east": {"uv": [0, 0, 16, 16], "texture": "#2"},
				"south": {"uv": [0, 0, 16, 16], "texture": "#2"},
				"west": {"uv": [0, 0, 16, 16], "texture": "#2"},
				"up": {"uv": [0, 0, 16, 16], "texture": "#2"},
				"down": {"uv": [0, 0, 16, 16], "texture": "#2"}
			}
		},
		{
			"from": [5.66, 3.29333, 7.31333],
			"to": [9.34, 3.65333, 7.72667],
			"rotation": {"angle": 0, "axis": "y", "origin": [7.50593, 4.43815, 7.62454]},
			"faces": {
				"north": {"uv": [0, 0, 16, 16], "rotation": 270, "texture": "#1"},
				"east": {"uv": [0, 0, 16, 16], "rotation": 270, "texture": "#1"},
				"south": {"uv": [0, 0, 16, 16], "rotation": 270, "texture": "#1"},
				"west": {"uv": [0, 0, 16, 16], "rotation": 270, "texture": "#1"},
				"up": {"uv": [0, 0, 16, 16], "rotation": 270, "texture": "#1"},
				"down": {"uv": [0, 0, 16, 16], "rotation": 270, "texture": "#1"}
			}
		},
		{
			"from": [9, 3.22667, 7.21333],
			"to": [9.25333, 3.74667, 7.78667],
			"rotation": {"angle": 0, "axis": "y", "origin": [7.50593, 4.43815, 7.62454]},
			"faces": {
				"north": {"uv": [0, 0, 16, 16], "texture": "#1"},
				"east": {"uv": [0, 0, 16, 16], "texture": "#1"},
				"south": {"uv": [0, 0, 16, 16], "texture": "#1"},
				"west": {"uv": [0, 0, 16, 16], "texture": "#1"},
				"up": {"uv": [0, 0, 16, 16], "texture": "#1"},
				"down": {"uv": [0, 0, 16, 16], "texture": "#1"}
			}
		},
		{
			"from": [5.74667, 3.22667, 7.21333],
			"to": [6, 3.74667, 7.78667],
			"rotation": {"angle": 0, "axis": "y", "origin": [7.50593, 4.43815, 7.62454]},
			"faces": {
				"north": {"uv": [0, 0, 16, 16], "texture": "#1"},
				"east": {"uv": [0, 0, 16, 16], "texture": "#1"},
				"south": {"uv": [0, 0, 16, 16], "texture": "#1"},
				"west": {"uv": [0, 0, 16, 16], "texture": "#1"},
				"up": {"uv": [0, 0, 16, 16], "texture": "#1"},
				"down": {"uv": [0, 0, 16, 16], "texture": "#1"}
			}
		},
		{
			"from": [6, 2.96, 7],
			"to": [7, 3.96, 8],
			"rotation": {"angle": 0, "axis": "y", "origin": [7.50593, 4.43815, 7.62454]},
			"faces": {
				"north": {"uv": [0, 0, 16, 16], "texture": "#1"},
				"east": {"uv": [0, 0, 16, 16], "texture": "#1"},
				"south": {"uv": [0, 0, 16, 16], "rotation": 180, "texture": "#1"},
				"west": {"uv": [0, 0, 16, 16], "texture": "#1"},
				"up": {"uv": [0, 0, 16, 16], "texture": "#1"},
				"down": {"uv": [0, 0, 16, 16], "texture": "#1"}
			}
		},
		{
			"from": [8, 2.96, 7],
			"to": [9, 3.96, 8],
			"rotation": {"angle": 0, "axis": "y", "origin": [7.50593, 4.43815, 7.62454]},
			"faces": {
				"north": {"uv": [0, 0, 16, 16], "texture": "#1"},
				"east": {"uv": [0, 0, 16, 16], "texture": "#1"},
				"south": {"uv": [0, 0, 16, 16], "texture": "#1"},
				"west": {"uv": [0, 0, 16, 16], "texture": "#1"},
				"up": {"uv": [0, 0, 16, 16], "texture": "#1"},
				"down": {"uv": [0, 0, 16, 16], "texture": "#1"}
			}
		},
		{
			"from": [7, 0.96, 7],
			"to": [8, 3.96, 8],
			"rotation": {"angle": 0, "axis": "y", "origin": [7.50593, 4.43815, 7.62454]},
			"faces": {
				"north": {"uv": [0, 0, 16, 16], "texture": "#1"},
				"east": {"uv": [0, 0, 16, 16], "texture": "#1"},
				"south": {"uv": [0, 0, 16, 16], "texture": "#1"},
				"west": {"uv": [0, 0, 16, 16], "texture": "#1"},
				"up": {"uv": [0, 0, 16, 16], "texture": "#1"},
				"down": {"uv": [0, 0, 16, 16], "texture": "#1"}
			}
		},
		{
			"from": [6.94667, 0, 6.96333],
			"to": [8.05333, 0.96, 8.05333],
			"rotation": {"angle": 0, "axis": "y", "origin": [7.50593, 4.43815, 7.62454]},
			"faces": {
				"north": {"uv": [0, 0, 15.75, 16], "texture": "#1"},
				"east": {"uv": [0, 0, 15.75, 16], "texture": "#1"},
				"south": {"uv": [0, 0, 15.75, 16], "texture": "#1"},
				"west": {"uv": [0, 0, 15.75, 16], "texture": "#1"},
				"up": {"uv": [0, 0, 15.75, 16], "texture": "#1"},
				"down": {"uv": [0, 0, 15.75, 16], "texture": "#1"}
			}
		}
	],
	"display": {
		"thirdperson_righthand": {
			"rotation": [5.5, -92.25, 3],
			"translation": [-0.5, 4.5, 2.75],
			"scale": [0.95, 0.94, 1.03]
		},
		"thirdperson_lefthand": {
			"rotation": [5.5, -92.25, 3],
			"translation": [-0.5, 4.5, 2.75],
			"scale": [0.95, 0.94, 1.03]
		},
		"firstperson_righthand": {
			"rotation": [0, -90, 0],
			"translation": [-3.25, 10, 6.75],
			"scale": [0.8, 0.8, 0.8]
		},
		"firstperson_lefthand": {
			"rotation": [0, -90, 0],
			"translation": [-3.25, 10, 6],
			"scale": [0.8, 0.8, 0.8]
		},
		"ground": {
			"translation": [0.5, 9.25, 0.25],
			"scale": [1.5, 1.5, 1.5]
		},
		"gui": {
			"translation": [0, 4, 0],
			"scale": [1.5, 1.5, 1.5]
		},
		"head": {
			"rotation": [0, -180, 0],
			"translation": [-0.5, 14.25, 0]
		},
		"fixed": {
			"rotation": [0, -180, 0],
			"translation": [0, 5.5, -1],
			"scale": [1.92, 1.92, 1.92]
		}
	},
	"groups": [
		{
			"name": "dagger",
			"origin": [7.5, 3.15333, 7.5],
			"children": [
				{
					"name": "blade",
					"origin": [7.5, 4.44667, 7.5],
					"children": [0, 1, 2, 3, 4, 5, 6]
				},
				{
					"name": "gems",
					"origin": [7.5, 3.15333, 7.5],
					"children": [7, 8, 9, 10]
				},
				{
					"name": "handle",
					"origin": [7.5, 1.46, 7.5],
					"children": [11, 12, 13, 14, 15, 16, 17]
				}
			]
		}
	]
}