{
	"credit": "Made with Blockbench",
	"texture_size": [32, 32],
	"textures": {
		"0": "custom/ender_sword"
	},
	"elements": [
		{
			"from": [7, 4, 16],
			"to": [10, 5, 21],
			"rotation": {"angle": 0, "axis": "y", "origin": [8.5, 4.5, 16.5]},
			"faces": {
				"north": {"uv": [0, 0, 1.5, 0.5], "texture": "#0"},
				"east": {"uv": [0, 0.25, 3, 2.75], "texture": "#0"},
				"south": {"uv": [0, 0.25, 2.75, 2.75], "texture": "#0"},
				"west": {"uv": [0, 0.25, 3, 2.5], "texture": "#0"},
				"up": {"uv": [0, 0.25, 3.25, 2.5], "texture": "#0"},
				"down": {"uv": [0, 0.25, 3.25, 2.5], "texture": "#0"}
			}
		},
		{
			"from": [7.5, 3.75, 16.5],
			"to": [9.5, 5.25, 20.5],
			"rotation": {"angle": 0, "axis": "y", "origin": [8.5, 4.25, 18.5]},
			"faces": {
				"north": {"uv": [0, 0, 1, 0.75], "texture": "#0"},
				"east": {"uv": [0, 0, 0.25, 0.25], "texture": "#0"},
				"south": {"uv": [0, 0, 0.25, 0], "texture": "#0"},
				"west": {"uv": [0, 0, 0.5, 0.25], "texture": "#0"},
				"up": {"uv": [0, 0, 0.5, 0], "rotation": 270, "texture": "#0"},
				"down": {"uv": [0, 0, 0.25, 0.25], "texture": "#0"}
			}
		},
		{
			"from": [8, 3.5, 17],
			"to": [9, 5.5, 20],
			"rotation": {"angle": 0, "axis": "y", "origin": [8.5, 4.25, 18.5]},
			"faces": {
				"north": {"uv": [0, 0, 0.5, 1], "texture": "#0"},
				"east": {"uv": [0, 0, 0.25, 0.25], "texture": "#0"},
				"south": {"uv": [0, 0, 0.25, 0], "texture": "#0"},
				"west": {"uv": [0, 0, 0.5, 0.25], "texture": "#0"},
				"up": {"uv": [0, 0, 0.5, 0], "rotation": 270, "texture": "#0"},
				"down": {"uv": [0, 0, 0.25, 0.25], "texture": "#0"}
			}
		},
		{
			"from": [7.5, 4, 12],
			"to": [9.5, 5, 16],
			"rotation": {"angle": 0, "axis": "y", "origin": [8.5, 4.5, 15.5]},
			"faces": {
				"north": {"uv": [0, 0, 1, 0.5], "texture": "#0"},
				"east": {"uv": [0, 0.25, 3.25, 2.5], "texture": "#0"},
				"south": {"uv": [0, 0, 1, 0.5], "texture": "#0"},
				"west": {"uv": [0, 0.25, 3, 2.75], "texture": "#0"},
				"up": {"uv": [0, 0.25, 3, 2], "texture": "#0"},
				"down": {"uv": [0, 0.25, 3.25, 2.75], "texture": "#0"}
			}
		},
		{
			"from": [3, 3.5, 11],
			"to": [14, 5.5, 12],
			"rotation": {"angle": 0, "axis": "y", "origin": [8.5, 4.5, 11.5]},
			"faces": {
				"north": {"uv": [0.25, 0.25, 3, 2.5], "texture": "#0"},
				"east": {"uv": [0.5, 0.5, 3, 2.75], "texture": "#0"},
				"south": {"uv": [1.75, 4.75, 3, 11.5], "texture": "#0"},
				"west": {"uv": [0, 0.5, 3, 2.5], "texture": "#0"},
				"up": {"uv": [0.25, 0.5, 3.25, 2.75], "texture": "#0"},
				"down": {"uv": [0.5, 0.5, 3, 2.75], "texture": "#0"}
			}
		},
		{
			"from": [3.5, 4, 10.75],
			"to": [13.5, 5, 12.25],
			"rotation": {"angle": 0, "axis": "y", "origin": [8.5, 4.5, 10.5]},
			"faces": {
				"north": {"uv": [0.25, 0.25, 3, 2.5], "texture": "#0"},
				"east": {"uv": [0.5, 0.5, 3, 2.75], "texture": "#0"},
				"south": {"uv": [1.75, 4.75, 3, 11.5], "texture": "#0"},
				"west": {"uv": [0, 0.5, 3, 2.5], "texture": "#0"},
				"up": {"uv": [0.5, 0.25, 3.25, 2.75], "texture": "#0"},
				"down": {"uv": [0.5, 0.5, 3, 2.75], "texture": "#0"}
			}
		},
		{
			"from": [2.5, 3.75, 11.25],
			"to": [14.25, 5.25, 11.75],
			"rotation": {"angle": 0, "axis": "y", "origin": [3.25, 4.5, 11.5]},
			"faces": {
				"north": {"uv": [0.25, 0.25, 3, 2.5], "texture": "#0"},
				"east": {"uv": [0.5, 0.5, 3, 2.75], "texture": "#0"},
				"south": {"uv": [1.75, 4.75, 3, 11.5], "texture": "#0"},
				"west": {"uv": [0.25, 0.5, 3.25, 2.75], "texture": "#0"},
				"up": {"uv": [0.25, 0.5, 3.25, 2.75], "texture": "#0"},
				"down": {"uv": [0.5, 0.5, 3, 2.75], "texture": "#0"}
			}
		},
		{
			"from": [1.75, 4.25, 11.39333],
			"to": [15, 4.75, 11.64333],
			"rotation": {"angle": 0, "axis": "y", "origin": [3.25, 4.5, 11.39333]},
			"faces": {
				"north": {"uv": [0.25, 0.25, 3, 2.5], "texture": "#0"},
				"east": {"uv": [0.75, 0.5, 3, 2.5], "texture": "#0"},
				"south": {"uv": [1.75, 4.75, 3, 11.5], "texture": "#0"},
				"west": {"uv": [0.5, 0.25, 3.25, 2.75], "texture": "#0"},
				"up": {"uv": [0.25, 0.5, 3.25, 2.75], "texture": "#0"},
				"down": {"uv": [0.5, 0.5, 3, 2.75], "texture": "#0"}
			}
		},
		{
			"from": [7, 4.25, 0],
			"to": [10, 4.75, 10.75],
			"rotation": {"angle": 0, "axis": "y", "origin": [8.25, 4.5, 10.25]},
			"faces": {
				"north": {"uv": [0, 0, 1.5, 0.25], "texture": "#0"},
				"east": {"uv": [0, 0, 10.75, 12], "texture": "#0"},
				"south": {"uv": [0, 0, 1.5, 0.25], "texture": "#0"},
				"west": {"uv": [0, 0, 11, 12], "texture": "#0"},
				"up": {"uv": [2, 8.25, 16, 12], "texture": "#0"},
				"down": {"uv": [0, 0, 1.5, 5.375], "texture": "#0"}
			}
		},
		{
			"from": [7.25, 4, 0.5],
			"to": [9.75, 4.98333, 10.25],
			"rotation": {"angle": 0, "axis": "y", "origin": [8.25, 5, 10.25]},
			"faces": {
				"north": {"uv": [0, 0, 16, 12.25], "texture": "#0"},
				"east": {"uv": [0, 0, 16, 12], "texture": "#0"},
				"south": {"uv": [0, 0, 16, 12.25], "texture": "#0"},
				"west": {"uv": [0, 0, 10.75, 12], "texture": "#0"},
				"up": {"uv": [0, 0, 16, 12], "texture": "#0"},
				"down": {"uv": [0, 0, 16, 12.25], "texture": "#0"}
			}
		},
		{
			"from": [7.25, 4.25, -4],
			"to": [9.75, 4.75, 0],
			"rotation": {"angle": 0, "axis": "y", "origin": [8.5, 4.5, -0.5]},
			"faces": {
				"north": {"uv": [0, 0, 1.25, 0.25], "texture": "#0"},
				"east": {"uv": [0, 0, 10.75, 12], "texture": "#0"},
				"south": {"uv": [0, 0, 1.25, 0.25], "texture": "#0"},
				"west": {"uv": [0, 0, 11, 12], "texture": "#0"},
				"up": {"uv": [2, 8.25, 16, 12], "texture": "#0"},
				"down": {"uv": [0, 5, 11, 12], "texture": "#0"}
			}
		},
		{
			"from": [7.51667, 4.00333, -3.78667],
			"to": [9.48333, 5, 0.53333],
			"rotation": {"angle": 0, "axis": "y", "origin": [8.5, 5, -0.5]},
			"faces": {
				"north": {"uv": [0, 0, 0.98333, 0.49833], "texture": "#0"},
				"east": {"uv": [0, 0, 9.75, 9.25], "texture": "#0"},
				"south": {"uv": [0, 0, 0.98333, 0.49833], "texture": "#0"},
				"west": {"uv": [0, 0, 10.75, 12], "texture": "#0"},
				"up": {"uv": [2, 8.25, 16, 12], "texture": "#0"},
				"down": {"uv": [0, 4.75, 11, 12.25], "texture": "#0"}
			}
		},
		{
			"from": [7.5, 4.25, -8.75],
			"to": [9.5, 4.75, -4],
			"rotation": {"angle": 0, "axis": "y", "origin": [16, 12, 3]},
			"faces": {
				"north": {"uv": [0, 0, 11, 12.25], "texture": "#0"},
				"east": {"uv": [0, 0, 10.75, 12], "texture": "#0"},
				"south": {"uv": [0, 0, 1, 0.25], "texture": "#0"},
				"west": {"uv": [0, 0, 11, 12], "texture": "#0"},
				"up": {"uv": [2, 8.25, 16, 12], "texture": "#0"},
				"down": {"uv": [0, 5, 11, 12], "texture": "#0"}
			}
		},
		{
			"from": [7.71333, 4, -8.53667],
			"to": [9.28667, 4.98333, -3.78667],
			"rotation": {"angle": 0, "axis": "y", "origin": [8.5, 5, -6.375]},
			"faces": {
				"north": {"uv": [0, 0, 0.78667, 0.49167], "texture": "#0"},
				"east": {"uv": [0, 0, 2.375, 0.49167], "texture": "#0"},
				"south": {"uv": [0, 0, 0.78667, 0.49167], "texture": "#0"},
				"west": {"uv": [0, 0, 10.75, 12], "texture": "#0"},
				"up": {"uv": [2, 8.25, 16, 12], "texture": "#0"},
				"down": {"uv": [0, 0, 16, 12.25], "texture": "#0"}
			}
		},
		{
			"from": [7.66, 4.41, -10.19],
			"to": [9.28667, 4.64333, -8.74667],
			"rotation": {"angle": 0, "axis": "y", "origin": [16, 12, -1.74667]},
			"faces": {
				"north": {"uv": [0, 0, 5, 14.25], "texture": "#0"},
				"east": {"uv": [0, 0, 10.75, 12], "texture": "#0"},
				"south": {"uv": [0, 0, 0.81333, 0.11667], "texture": "#0"},
				"west": {"uv": [0, 0, 11, 12], "texture": "#0"},
				"up": {"uv": [2, 8.25, 16, 12], "texture": "#0"},
				"down": {"uv": [0, 0, 0.81333, 0.72167], "texture": "#0"}
			}
		},
		{
			"from": [7.87333, 4.16, -9.97667],
			"to": [9.07333, 4.87667, -8.53333],
			"rotation": {"angle": 0, "axis": "y", "origin": [8.5, 5, -11.12167]},
			"faces": {
				"north": {"uv": [0, 0, 11, 12.25], "texture": "#0"},
				"east": {"uv": [0, 0, 0.72167, 0.35833], "texture": "#0"},
				"south": {"uv": [0, 0, 0.6, 0.35833], "texture": "#0"},
				"west": {"uv": [0, 0, 11, 12], "texture": "#0"},
				"up": {"uv": [2, 8.25, 16, 12], "texture": "#0"},
				"down": {"uv": [0, 0, 10.75, 12.25], "texture": "#0"}
			}
		}
	],
	"display": {
		"thirdperson_righthand": {
			"rotation": [90, 0, -90],
			"translation": [3.75, 4, 2]
		},
		"firstperson_righthand": {
			"rotation": [90, 0, 90],
			"translation": [0, 5, -0.5]
		},
		"ground": {
			"rotation": [90, 0, -180],
			"translation": [0.5, 9.5, -4]
		},
		"gui": {
			"rotation": [90, -45, -180],
			"translation": [-1, -1.5, 0],
			"scale": [0.69, 0.69, 0.69]
		},
		"head": {
			"rotation": [-90, 0, 0],
			"translation": [0, 7.75, -3.5]
		},
		"fixed": {
			"rotation": [90, 0, 0],
			"translation": [0, 0, 2.5]
		}
	},
	"groups": [
		{
			"name": "Handle",
			"origin": [8.5, 4.25, 10.5],
			"children": [0, 1, 2]
		},
		{
			"name": "Blocker",
			"origin": [3.25, 4.5, 11.39333],
			"children": [3, 4, 5, 6, 7]
		},
		{
			"name": "Blade",
			"origin": [8.5, 5, -11.12167],
			"children": [8, 9, 10, 11, 12, 13, 14, 15]
		}
	]
}
