{
	"credit": "Made with Blockbench",
	"textures": {
		"1": "custom/flashbang_texture_mid",
		"2": "custom/flashbang_texture",
		"particle": "custom/flashbang_texture_mid"
	},
	"elements": [
		{
			"from": [6, 3.75, 8],
			"to": [10, 5.25, 9],
			"rotation": {"angle": 0, "axis": "y", "origin": [8, 12, 8]},
			"faces": {
				"north": {"uv": [0, 0, 16, 15.5], "texture": "#1"},
				"east": {"uv": [0, 0, 16, 15.5], "texture": "#1"},
				"south": {"uv": [0, 0, 16, 15.5], "texture": "#1"},
				"west": {"uv": [0, 0, 16, 15.5], "texture": "#1"},
				"up": {"uv": [0, 0, 16, 15.5], "texture": "#1"},
				"down": {"uv": [0, 0, 16, 15.5], "texture": "#1"}
			}
		},
		{
			"from": [6, 3.75, 8],
			"to": [10, 5.25, 9],
			"rotation": {"angle": 22.5, "axis": "y", "origin": [8, 5.5, 8.5]},
			"faces": {
				"north": {"uv": [0, 0, 16, 15.5], "texture": "#1"},
				"east": {"uv": [0, 0, 16, 15.5], "texture": "#1"},
				"south": {"uv": [0, 0, 16, 15.5], "texture": "#1"},
				"west": {"uv": [0, 0, 16, 15.5], "texture": "#1"},
				"up": {"uv": [0, 0, 16, 15.5], "texture": "#1"},
				"down": {"uv": [0, 0, 16, 15.5], "texture": "#1"}
			}
		},
		{
			"from": [6, 3.75, 8],
			"to": [10, 5.25, 9],
			"rotation": {"angle": 45, "axis": "y", "origin": [8, 5.5, 8.5]},
			"faces": {
				"north": {"uv": [0, 0, 16, 15.5], "texture": "#1"},
				"east": {"uv": [0, 0, 16, 15.5], "texture": "#1"},
				"south": {"uv": [0, 0, 16, 15.5], "texture": "#1"},
				"west": {"uv": [0, 0, 16, 15.5], "texture": "#1"},
				"up": {"uv": [0, 0, 16, 15.5], "texture": "#1"},
				"down": {"uv": [0, 0, 16, 15.5], "texture": "#1"}
			}
		},
		{
			"from": [7.5, 3.75, 6.5],
			"to": [8.5, 5.25, 10.5],
			"rotation": {"angle": -22.5, "axis": "y", "origin": [8, 5.5, 8.5]},
			"faces": {
				"north": {"uv": [0, 0, 16, 15.5], "texture": "#1"},
				"east": {"uv": [0, 0, 16, 15.5], "texture": "#1"},
				"south": {"uv": [0, 0, 16, 15.5], "texture": "#1"},
				"west": {"uv": [0, 0, 16, 15.5], "texture": "#1"},
				"up": {"uv": [0, 0, 16, 15.5], "texture": "#1"},
				"down": {"uv": [0, 0, 16, 15.5], "texture": "#1"}
			}
		},
		{
			"from": [7.5, 3.75, 6.5],
			"to": [8.5, 5.25, 10.5],
			"rotation": {"angle": 0, "axis": "y", "origin": [8, 5.5, 8.5]},
			"faces": {
				"north": {"uv": [0, 0, 16, 15.5], "texture": "#1"},
				"east": {"uv": [0, 0, 16, 15.5], "texture": "#1"},
				"south": {"uv": [0, 0, 16, 15.5], "texture": "#1"},
				"west": {"uv": [0, 0, 16, 15.5], "texture": "#1"},
				"up": {"uv": [0, 0, 16, 15.5], "texture": "#1"},
				"down": {"uv": [0, 0, 16, 15.5], "texture": "#1"}
			}
		},
		{
			"from": [7.5, 3.75, 6.5],
			"to": [8.5, 5.25, 10.5],
			"rotation": {"angle": 22.5, "axis": "y", "origin": [8, 5.5, 8.5]},
			"faces": {
				"north": {"uv": [0, 0, 16, 15.5], "texture": "#1"},
				"east": {"uv": [0, 0, 16, 15.5], "texture": "#1"},
				"south": {"uv": [0, 0, 16, 15.5], "texture": "#1"},
				"west": {"uv": [0, 0, 16, 15.5], "texture": "#1"},
				"up": {"uv": [0, 0, 16, 15.5], "texture": "#1"},
				"down": {"uv": [0, 0, 16, 15.5], "texture": "#1"}
			}
		},
		{
			"from": [7.5, 3.75, 6.5],
			"to": [8.5, 5.25, 10.5],
			"rotation": {"angle": 45, "axis": "y", "origin": [8, 5.5, 8.5]},
			"faces": {
				"north": {"uv": [0, 0, 16, 15.5], "texture": "#1"},
				"east": {"uv": [0, 0, 16, 15.5], "texture": "#1"},
				"south": {"uv": [0, 0, 16, 15.5], "texture": "#1"},
				"west": {"uv": [0, 0, 16, 15.5], "texture": "#1"},
				"up": {"uv": [0, 0, 16, 15.5], "texture": "#1"},
				"down": {"uv": [0, 0, 16, 15.5], "texture": "#1"}
			}
		},
		{
			"from": [6, 3.75, 8],
			"to": [10, 5.25, 9],
			"rotation": {"angle": -22.5, "axis": "y", "origin": [8, 5.5, 8.5]},
			"faces": {
				"north": {"uv": [0, 0, 16, 15.5], "texture": "#1"},
				"east": {"uv": [0, 0, 16, 15.5], "texture": "#1"},
				"south": {"uv": [0, 0, 16, 15.5], "texture": "#1"},
				"west": {"uv": [0, 0, 16, 15.5], "texture": "#1"},
				"up": {"uv": [0, 0, 16, 15.5], "texture": "#1"},
				"down": {"uv": [0, 0, 16, 15.5], "texture": "#1"}
			}
		},
		{
			"from": [5.5, 0, 7.5],
			"to": [10.5, 1, 9.5],
			"rotation": {"angle": 0, "axis": "y", "origin": [8, 0.5, 8.5]},
			"faces": {
				"north": {"uv": [0, 0, 16, 16], "texture": "#2"},
				"east": {"uv": [0, 0, 16, 16], "texture": "#2"},
				"south": {"uv": [0, 0, 16, 16], "texture": "#2"},
				"west": {"uv": [0, 0, 16, 16], "texture": "#2"},
				"up": {"uv": [0, 0, 16, 16], "texture": "#2"},
				"down": {"uv": [0, 0, 16, 16], "texture": "#2"}
			}
		},
		{
			"from": [7, 0, 6],
			"to": [9, 1, 11],
			"rotation": {"angle": -45, "axis": "y", "origin": [8, 0.5, 8.5]},
			"faces": {
				"north": {"uv": [0, 0, 16, 16], "texture": "#2"},
				"east": {"uv": [0, 0, 16, 16], "texture": "#2"},
				"south": {"uv": [0, 0, 16, 16], "texture": "#2"},
				"west": {"uv": [0, 0, 16, 16], "texture": "#2"},
				"up": {"uv": [0, 0, 16, 16], "texture": "#2"},
				"down": {"uv": [0, 0, 16, 16], "texture": "#2"}
			}
		},
		{
			"from": [7, 0, 6],
			"to": [9, 1, 11],
			"rotation": {"angle": 45, "axis": "y", "origin": [8, 0.5, 8.5]},
			"faces": {
				"north": {"uv": [0, 0, 16, 16], "texture": "#2"},
				"east": {"uv": [0, 0, 16, 16], "texture": "#2"},
				"south": {"uv": [0, 0, 16, 16], "texture": "#2"},
				"west": {"uv": [0, 0, 16, 16], "texture": "#2"},
				"up": {"uv": [0, 0, 16, 16], "texture": "#2"},
				"down": {"uv": [0, 0, 16, 16], "texture": "#2"}
			}
		},
		{
			"from": [7, 0, 6],
			"to": [9, 1, 11],
			"rotation": {"angle": 0, "axis": "y", "origin": [8, 0.5, 8.5]},
			"faces": {
				"north": {"uv": [0, 0, 16, 16], "texture": "#2"},
				"east": {"uv": [0, 0, 16, 16], "texture": "#2"},
				"south": {"uv": [0, 0, 16, 16], "texture": "#2"},
				"west": {"uv": [0, 0, 16, 16], "texture": "#2"},
				"up": {"uv": [0, 0, 16, 16], "texture": "#2"},
				"down": {"uv": [0, 0, 16, 16], "texture": "#2"}
			}
		},
		{
			"from": [6, 1, 8],
			"to": [10, 3.75, 9],
			"faces": {
				"north": {"uv": [12, 9, 15, 11.75], "texture": "#2"},
				"east": {"uv": [0, 0, 4, 2.75], "texture": "#2"},
				"south": {"uv": [0, 0, 4, 2.75], "texture": "#2"},
				"west": {"uv": [0, 0, 4, 2.75], "texture": "#2"},
				"up": {"uv": [0, 0, 4, 2.75], "texture": "#2"},
				"down": {"uv": [0, 0, 4, 2.75], "texture": "#2"}
			}
		},
		{
			"from": [6, 1, 8],
			"to": [10, 3.75, 9],
			"rotation": {"angle": 22.5, "axis": "y", "origin": [8, 1.5, 8.5]},
			"faces": {
				"north": {"uv": [12, 9, 15, 11.75], "texture": "#2"},
				"east": {"uv": [0, 0, 4, 2.75], "texture": "#2"},
				"south": {"uv": [0, 0, 4, 2.75], "texture": "#2"},
				"west": {"uv": [0, 0, 4, 2.75], "texture": "#2"},
				"up": {"uv": [0, 0, 4, 2.75], "texture": "#2"},
				"down": {"uv": [0, 0, 4, 2.75], "texture": "#2"}
			}
		},
		{
			"from": [6, 1, 8],
			"to": [10, 3.75, 9],
			"rotation": {"angle": 45, "axis": "y", "origin": [8, 1.5, 8.5]},
			"faces": {
				"north": {"uv": [12, 9, 15, 11.75], "texture": "#2"},
				"east": {"uv": [0, 0, 4, 2.75], "texture": "#2"},
				"south": {"uv": [0, 0, 4, 2.75], "texture": "#2"},
				"west": {"uv": [0, 0, 4, 2.75], "texture": "#2"},
				"up": {"uv": [0, 0, 4, 2.75], "texture": "#2"},
				"down": {"uv": [0, 0, 4, 2.75], "texture": "#2"}
			}
		},
		{
			"from": [7.5, 1, 6.5],
			"to": [8.5, 3.75, 10.5],
			"rotation": {"angle": -22.5, "axis": "y", "origin": [8, 1.5, 8.5]},
			"faces": {
				"north": {"uv": [12, 9, 15, 11.75], "texture": "#2"},
				"east": {"uv": [0, 0, 1, 2.75], "texture": "#2"},
				"south": {"uv": [0, 0, 1, 2.75], "texture": "#2"},
				"west": {"uv": [0, 0, 1, 2.75], "texture": "#2"},
				"up": {"uv": [0, 0, 1, 2.75], "texture": "#2"},
				"down": {"uv": [0, 0, 1, 2.75], "texture": "#2"}
			}
		},
		{
			"from": [7.5, 1, 6.5],
			"to": [8.5, 3.75, 10.5],
			"rotation": {"angle": 0, "axis": "y", "origin": [8, 1.5, 8.5]},
			"faces": {
				"north": {"uv": [12, 9, 15, 11.75], "texture": "#2"},
				"east": {"uv": [0, 0, 1, 2.75], "texture": "#2"},
				"south": {"uv": [0, 0, 1, 2.75], "texture": "#2"},
				"west": {"uv": [0, 0, 1, 2.75], "texture": "#2"},
				"up": {"uv": [0, 0, 1, 2.75], "texture": "#2"},
				"down": {"uv": [0, 0, 1, 2.75], "texture": "#2"}
			}
		},
		{
			"from": [7.5, 1, 6.5],
			"to": [8.5, 3.75, 10.5],
			"rotation": {"angle": 22.5, "axis": "y", "origin": [8, 1.5, 8.5]},
			"faces": {
				"north": {"uv": [12, 9, 15, 11.75], "texture": "#2"},
				"east": {"uv": [0, 0, 1, 2.75], "texture": "#2"},
				"south": {"uv": [0, 0, 1, 2.75], "texture": "#2"},
				"west": {"uv": [0, 0, 1, 2.75], "texture": "#2"},
				"up": {"uv": [0, 0, 1, 2.75], "texture": "#2"},
				"down": {"uv": [0, 0, 1, 2.75], "texture": "#2"}
			}
		},
		{
			"from": [7.5, 1, 6.5],
			"to": [8.5, 3.75, 10.5],
			"rotation": {"angle": 45, "axis": "y", "origin": [8, 1.5, 8.5]},
			"faces": {
				"north": {"uv": [12, 9, 15, 11.75], "texture": "#2"},
				"east": {"uv": [0, 0, 1, 2.75], "texture": "#2"},
				"south": {"uv": [0, 0, 1, 2.75], "texture": "#2"},
				"west": {"uv": [0, 0, 1, 2.75], "texture": "#2"},
				"up": {"uv": [0, 0, 1, 2.75], "texture": "#2"},
				"down": {"uv": [0, 0, 1, 2.75], "texture": "#2"}
			}
		},
		{
			"from": [6, 1, 8],
			"to": [10, 3.75, 9],
			"rotation": {"angle": -22.5, "axis": "y", "origin": [8, 1.5, 8.5]},
			"faces": {
				"north": {"uv": [12, 9, 15, 11.75], "texture": "#2"},
				"east": {"uv": [0, 0, 4, 2.75], "texture": "#2"},
				"south": {"uv": [0, 0, 4, 2.75], "texture": "#2"},
				"west": {"uv": [0, 0, 4, 2.75], "texture": "#2"},
				"up": {"uv": [0, 0, 4, 2.75], "texture": "#2"},
				"down": {"uv": [0, 0, 4, 2.75], "texture": "#2"}
			}
		},
		{
			"from": [6, 5.25, 8],
			"to": [10, 8, 9],
			"rotation": {"angle": 0, "axis": "y", "origin": [8, 12, 8]},
			"faces": {
				"north": {"uv": [7, 5, 9, 6.75], "texture": "#2"},
				"east": {"uv": [0, 0, 4, 2.75], "texture": "#2"},
				"south": {"uv": [0, 0, 4, 2.75], "texture": "#2"},
				"west": {"uv": [0, 0, 4, 2.75], "texture": "#2"},
				"up": {"uv": [0, 0, 4, 2.75], "texture": "#2"},
				"down": {"uv": [0, 0, 4, 2.75], "texture": "#2"}
			}
		},
		{
			"from": [6, 5.25, 8],
			"to": [10, 8, 9],
			"rotation": {"angle": 22.5, "axis": "y", "origin": [8, 5.5, 8.5]},
			"faces": {
				"north": {"uv": [7, 5, 9, 6.75], "texture": "#2"},
				"east": {"uv": [0, 0, 4, 2.75], "texture": "#2"},
				"south": {"uv": [0, 0, 4, 2.75], "texture": "#2"},
				"west": {"uv": [0, 0, 4, 2.75], "texture": "#2"},
				"up": {"uv": [0, 0, 4, 2.75], "texture": "#2"},
				"down": {"uv": [0, 0, 4, 2.75], "texture": "#2"}
			}
		},
		{
			"from": [6, 5.25, 8],
			"to": [10, 8, 9],
			"rotation": {"angle": 45, "axis": "y", "origin": [8, 5.5, 8.5]},
			"faces": {
				"north": {"uv": [7, 5, 9, 6.75], "texture": "#2"},
				"east": {"uv": [0, 0, 4, 2.75], "texture": "#2"},
				"south": {"uv": [0, 0, 4, 2.75], "texture": "#2"},
				"west": {"uv": [0, 0, 4, 2.75], "texture": "#2"},
				"up": {"uv": [0, 0, 4, 2.75], "texture": "#2"},
				"down": {"uv": [0, 0, 4, 2.75], "texture": "#2"}
			}
		},
		{
			"from": [7.5, 5.25, 6.5],
			"to": [8.5, 8, 10.5],
			"rotation": {"angle": -22.5, "axis": "y", "origin": [8, 5.5, 8.5]},
			"faces": {
				"north": {"uv": [7, 5, 9, 6.75], "texture": "#2"},
				"east": {"uv": [0, 0, 1, 2.75], "texture": "#2"},
				"south": {"uv": [0, 0, 1, 2.75], "texture": "#2"},
				"west": {"uv": [0, 0, 1, 2.75], "texture": "#2"},
				"up": {"uv": [0, 0, 1, 2.75], "texture": "#2"},
				"down": {"uv": [0, 0, 1, 2.75], "texture": "#2"}
			}
		},
		{
			"from": [7.5, 5.25, 6.5],
			"to": [8.5, 8, 10.5],
			"rotation": {"angle": 0, "axis": "y", "origin": [8, 5.5, 8.5]},
			"faces": {
				"north": {"uv": [7, 5, 9, 6.75], "texture": "#2"},
				"east": {"uv": [0, 0, 1, 2.75], "texture": "#2"},
				"south": {"uv": [0, 0, 1, 2.75], "texture": "#2"},
				"west": {"uv": [0, 0, 1, 2.75], "texture": "#2"},
				"up": {"uv": [0, 0, 1, 2.75], "texture": "#2"},
				"down": {"uv": [0, 0, 1, 2.75], "texture": "#2"}
			}
		},
		{
			"from": [7.5, 5.25, 6.5],
			"to": [8.5, 8, 10.5],
			"rotation": {"angle": 22.5, "axis": "y", "origin": [8, 5.5, 8.5]},
			"faces": {
				"north": {"uv": [7, 5, 9, 6.75], "texture": "#2"},
				"east": {"uv": [0, 0, 1, 2.75], "texture": "#2"},
				"south": {"uv": [0, 0, 1, 2.75], "texture": "#2"},
				"west": {"uv": [0, 0, 1, 2.75], "texture": "#2"},
				"up": {"uv": [0, 0, 1, 2.75], "texture": "#2"},
				"down": {"uv": [0, 0, 1, 2.75], "texture": "#2"}
			}
		},
		{
			"from": [7.5, 5.25, 6.5],
			"to": [8.5, 8, 10.5],
			"rotation": {"angle": 45, "axis": "y", "origin": [8, 5.5, 8.5]},
			"faces": {
				"north": {"uv": [7, 5, 9, 6.75], "texture": "#2"},
				"east": {"uv": [0, 0, 1, 2.75], "texture": "#2"},
				"south": {"uv": [0, 0, 1, 2.75], "texture": "#2"},
				"west": {"uv": [0, 0, 1, 2.75], "texture": "#2"},
				"up": {"uv": [0, 0, 1, 2.75], "texture": "#2"},
				"down": {"uv": [0, 0, 1, 2.75], "texture": "#2"}
			}
		},
		{
			"from": [6, 5.25, 8],
			"to": [10, 8, 9],
			"rotation": {"angle": -22.5, "axis": "y", "origin": [8, 5.5, 8.5]},
			"faces": {
				"north": {"uv": [7, 5, 9, 6.75], "texture": "#2"},
				"east": {"uv": [0, 0, 4, 2.75], "texture": "#2"},
				"south": {"uv": [0, 0, 4, 2.75], "texture": "#2"},
				"west": {"uv": [0, 0, 4, 2.75], "texture": "#2"},
				"up": {"uv": [0, 0, 4, 2.75], "texture": "#2"},
				"down": {"uv": [0, 0, 4, 2.75], "texture": "#2"}
			}
		},
		{
			"from": [5.5, 8, 7.5],
			"to": [10.5, 9, 9.5],
			"rotation": {"angle": 0, "axis": "y", "origin": [8, 0.5, 8.5]},
			"faces": {
				"north": {"uv": [0, 0, 16, 16], "texture": "#2"},
				"east": {"uv": [0, 0, 16, 16], "texture": "#2"},
				"south": {"uv": [0, 0, 16, 16], "texture": "#2"},
				"west": {"uv": [0, 0, 16, 16], "texture": "#2"},
				"up": {"uv": [0, 0, 16, 16], "texture": "#2"},
				"down": {"uv": [0, 0, 16, 16], "texture": "#2"}
			}
		},
		{
			"from": [7, 8, 6],
			"to": [9, 9, 11],
			"rotation": {"angle": -45, "axis": "y", "origin": [8, 0.5, 8.5]},
			"faces": {
				"north": {"uv": [0, 0, 16, 16], "texture": "#2"},
				"east": {"uv": [0, 0, 16, 16], "texture": "#2"},
				"south": {"uv": [0, 0, 16, 16], "texture": "#2"},
				"west": {"uv": [0, 0, 16, 16], "texture": "#2"},
				"up": {"uv": [0, 0, 16, 16], "texture": "#2"},
				"down": {"uv": [0, 0, 16, 16], "texture": "#2"}
			}
		},
		{
			"from": [7, 8, 6],
			"to": [9, 9, 11],
			"rotation": {"angle": 45, "axis": "y", "origin": [8, 0.5, 8.5]},
			"faces": {
				"north": {"uv": [0, 0, 16, 16], "texture": "#2"},
				"east": {"uv": [0, 0, 16, 16], "texture": "#2"},
				"south": {"uv": [0, 0, 16, 16], "texture": "#2"},
				"west": {"uv": [0, 0, 16, 16], "texture": "#2"},
				"up": {"uv": [0, 0, 16, 16], "texture": "#2"},
				"down": {"uv": [0, 0, 16, 16], "texture": "#2"}
			}
		},
		{
			"from": [7, 8, 6],
			"to": [9, 9, 11],
			"rotation": {"angle": 0, "axis": "y", "origin": [8, 0.5, 8.5]},
			"faces": {
				"north": {"uv": [0, 0, 16, 16], "texture": "#2"},
				"east": {"uv": [0, 0, 16, 16], "texture": "#2"},
				"south": {"uv": [0, 0, 16, 16], "texture": "#2"},
				"west": {"uv": [0, 0, 16, 16], "texture": "#2"},
				"up": {"uv": [0, 0, 16, 16], "texture": "#2"},
				"down": {"uv": [0, 0, 16, 16], "texture": "#2"}
			}
		},
		{
			"from": [7.5, 9, 7.75],
			"to": [8.75, 10.25, 9],
			"faces": {
				"north": {"uv": [0, 0, 15.25, 15.25], "texture": "#2"},
				"east": {"uv": [0, 0, 15.25, 15.25], "texture": "#2"},
				"south": {"uv": [0, 0, 15.25, 15.25], "texture": "#2"},
				"west": {"uv": [0, 0, 15.25, 15.25], "texture": "#2"},
				"up": {"uv": [0, 0, 15.25, 15.25], "texture": "#2"},
				"down": {"uv": [0, 0, 15.25, 15.25], "texture": "#2"}
			}
		},
		{
			"from": [6, 10.25, 7.5],
			"to": [9, 10.5, 9.25],
			"faces": {
				"north": {"uv": [11, 14, 15, 15.25], "texture": "#2"},
				"east": {"uv": [0, 0, 3, 0.25], "texture": "#2"},
				"south": {"uv": [0, 0, 3, 0.25], "texture": "#2"},
				"west": {"uv": [0, 0, 3, 0.25], "texture": "#2"},
				"up": {"uv": [0, 0, 3, 0.25], "texture": "#2"},
				"down": {"uv": [0, 0, 3, 0.25], "texture": "#2"}
			}
		},
		{
			"from": [3.5, 7.25, 7.5],
			"to": [5, 7.5, 9.25],
			"rotation": {"angle": 45, "axis": "z", "origin": [1.75, 10.375, 8.375]},
			"faces": {
				"north": {"uv": [4, 11, 10.5, 12.25], "texture": "#2"},
				"east": {"uv": [0, 0, 1.5, 0.25], "texture": "#2"},
				"south": {"uv": [0, 0, 1.5, 0.25], "texture": "#2"},
				"west": {"uv": [0, 0, 1.5, 0.25], "texture": "#2"},
				"up": {"uv": [0, 0, 1.5, 0.25], "texture": "#2"},
				"down": {"uv": [0, 0, 1.5, 0.25], "texture": "#2"}
			}
		},
		{
			"from": [3.75, 8.25, 7.5],
			"to": [4.75, 8.5, 9.25],
			"rotation": {"angle": 22.5, "axis": "z", "origin": [1.75, 10.375, 8.375]},
			"faces": {
				"north": {"uv": [4, 4, 10, 5.25], "texture": "#2"},
				"east": {"uv": [0, 0, 1, 0.25], "texture": "#2"},
				"south": {"uv": [0, 0, 1, 0.25], "texture": "#2"},
				"west": {"uv": [0, 0, 1, 0.25], "texture": "#2"},
				"up": {"uv": [0, 0, 1, 0.25], "texture": "#2"},
				"down": {"uv": [0, 0, 1, 0.25], "texture": "#2"}
			}
		},
		{
			"from": [4.375, 4.875, 7.5],
			"to": [4.625, 9.375, 9.25],
			"rotation": {"angle": 0, "axis": "y", "origin": [1.75, 10.375, 8.375]},
			"faces": {
				"north": {"uv": [7, 7, 11.5, 7.25], "rotation": 90, "texture": "#2"},
				"east": {"uv": [7, 7, 11.5, 7.25], "rotation": 90, "texture": "#2"},
				"south": {"uv": [7, 7, 11.5, 7.25], "rotation": 90, "texture": "#2"},
				"west": {"uv": [7, 7, 11.5, 7.25], "rotation": 90, "texture": "#2"},
				"up": {"uv": [7, 7, 11.5, 7.25], "rotation": 90, "texture": "#2"},
				"down": {"uv": [7, 7, 11.5, 7.25], "rotation": 90, "texture": "#2"}
			}
		}
	],
	"display": {
		"thirdperson_righthand": {
			"rotation": [0, 125, 0],
			"translation": [0, 2, 0],
			"scale": [0.5, 0.5, 0.5]
		},
		"thirdperson_lefthand": {
			"rotation": [0, -40, 0],
			"translation": [0, 2, 0],
			"scale": [0.5, 0.5, 0.5]
		},
		"firstperson_righthand": {
			"rotation": [0, 140, 0],
			"translation": [-1.75, 5.5, 3.75],
			"scale": [0.5, 0.5, 0.5]
		},
		"firstperson_lefthand": {
			"rotation": [0, 10, 0],
			"translation": [0.5, 5.5, 2],
			"scale": [0.5, 0.5, 0.5]
		},
		"ground": {
			"scale": [0.5, 0.5, 0.5]
		},
		"gui": {
			"rotation": [13, 155, 3],
			"translation": [0, 2.5, 0]
		},
		"head": {
			"translation": [0, 30, 0],
			"scale": [3, 3, 3]
		}
	},
	"groups": [
		{
			"name": "Midden",
			"origin": [8, 8, 8],
			"children": [0, 1, 2, 3, 4, 5, 6, 7]
		},
		{
			"name": "Onderkant",
			"origin": [8, 8, 8],
			"children": [8, 9, 10, 11,
				{
					"name": "group",
					"origin": [8, 8, 8],
					"children": []
				}
			]
		},
		{
			"name": "Midden_Onderkant",
			"origin": [8, 8, 8],
			"children": [12, 13, 14, 15, 16, 17, 18, 19]
		},
		{
			"name": "Midden_Bovenkant",
			"origin": [8, 8, 8],
			"children": [20, 21, 22, 23, 24, 25, 26, 27]
		},
		{
			"name": "Bovenkant",
			"origin": [8, 8, 8],
			"children": [28, 29, 30, 31]
		},
		{
			"name": "Hendel",
			"origin": [8, 8, 8],
			"children": [32, 33, 34, 35, 36]
		}
	]
}