{
	"format_version": "1.12.0",
	"minecraft:geometry": [
		{
			"description": {
				"identifier": "geometry.leggy_bird_model",
				"texture_width": 20,
				"texture_height": 20,
				"visible_bounds_width": 3,
				"visible_bounds_height": 2.5,
				"visible_bounds_offset": [0, 0.75, 0]
			},
			"bones": [
				{
					"name": "leggy_bird",
					"pivot": [0, 0, 0]
				},
				{
					"name": "h_head",
					"parent": "leggy_bird",
					"pivot": [-0.45714, 13.65762, 0.01691],
					"cubes": [
						{
							"origin": [-1.03333, 12.46667, -0.39333],
							"size": [1.05333, 1, 0.78666],
							"uv": {
								"north": {"uv": [16.03524, 19.38326], "uv_size": [0.35242, 0.44053]},
								"east": {"uv": [16.03524, 19.38326], "uv_size": [0.35242, 0.44053]},
								"south": {"uv": [16.03524, 19.38326], "uv_size": [0.35242, 0.44053]},
								"west": {"uv": [16.03524, 19.38326], "uv_size": [0.35242, 0.44053]},
								"up": {"uv": [16.38767, 19.82379], "uv_size": [-0.35242, -0.44053]},
								"down": {"uv": [16.38767, 19.82379], "uv_size": [-0.35242, -0.44053]}
							}
						},
						{
							"origin": [-3.03333, 13.46667, -1.69667],
							"size": [5.05333, 5, 2.14334],
							"uv": {
								"north": {"uv": [16.47577, 16.47577], "uv_size": [3.52423, 3.52423], "material_instance": "yellow.png"},
								"east": {"uv": [16.47577, 16.47577], "uv_size": [3.52423, 3.52423], "material_instance": "yellow.png"},
								"south": {"uv": [16.47577, 16.47577], "uv_size": [3.52423, 3.52423], "material_instance": "yellow.png"},
								"west": {"uv": [16.47577, 16.47577], "uv_size": [3.52423, 3.52423], "material_instance": "yellow.png"},
								"up": {"uv": [20, 20], "uv_size": [-3.52423, -3.52423], "material_instance": "yellow.png"},
								"down": {"uv": [20, 20], "uv_size": [-3.52423, -3.52423], "material_instance": "yellow.png"}
							}
						},
						{
							"origin": [-2.5, 16.77333, -2.48],
							"size": [1.58667, 1.48, 0.80667],
							"uv": {
								"north": {"uv": [12.2467, 11.98238], "uv_size": [1.40969, 1.4978]},
								"east": {"uv": [12.2467, 11.98238], "uv_size": [1.40969, 1.4978]},
								"south": {"uv": [12.2467, 11.98238], "uv_size": [1.40969, 1.4978]},
								"west": {"uv": [12.2467, 11.98238], "uv_size": [1.40969, 1.4978]},
								"up": {"uv": [13.65639, 13.48018], "uv_size": [-1.40969, -1.4978]},
								"down": {"uv": [13.65639, 13.48018], "uv_size": [-1.40969, -1.4978]}
							}
						},
						{
							"origin": [0.54, 17.09333, -2.39],
							"size": [0.89333, 0.84, 0.71667],
							"uv": {
								"north": {"uv": [9.163, 8.01762], "uv_size": [-9.163, -8.01762]},
								"east": {"uv": [9.163, 8.01762], "uv_size": [-9.163, -8.01762]},
								"south": {"uv": [9.163, 8.01762], "uv_size": [-9.163, -8.01762]},
								"west": {"uv": [9.163, 8.01762], "uv_size": [-9.163, -8.01762]},
								"up": {"uv": [0, 0], "uv_size": [9.163, 8.01762]},
								"down": {"uv": [0, 0], "uv_size": [9.163, 8.01762]}
							}
						},
						{
							"origin": [-2.12667, 17.09333, -2.39],
							"size": [0.89334, 0.84, 0.71667],
							"uv": {
								"north": {"uv": [9.163, 8.01762], "uv_size": [-9.163, -8.01762]},
								"east": {"uv": [9.163, 8.01762], "uv_size": [-9.163, -8.01762]},
								"south": {"uv": [9.163, 8.01762], "uv_size": [-9.163, -8.01762]},
								"west": {"uv": [9.163, 8.01762], "uv_size": [-9.163, -8.01762]},
								"up": {"uv": [0, 0], "uv_size": [9.163, 8.01762]},
								"down": {"uv": [0, 0], "uv_size": [9.163, 8.01762]}
							}
						},
						{
							"origin": [0.16667, 16.77333, -2.48],
							"size": [1.58666, 1.48, 0.80667],
							"uv": {
								"north": {"uv": [12.2467, 11.98238], "uv_size": [1.32159, 1.4978]},
								"east": {"uv": [12.2467, 11.98238], "uv_size": [1.32159, 1.4978]},
								"south": {"uv": [12.2467, 11.98238], "uv_size": [1.32159, 1.4978]},
								"west": {"uv": [12.2467, 11.98238], "uv_size": [1.32159, 1.4978]},
								"up": {"uv": [13.56828, 13.48018], "uv_size": [-1.32159, -1.4978]},
								"down": {"uv": [13.56828, 13.48018], "uv_size": [-1.32159, -1.4978]}
							}
						}
					]
				},
				{
					"name": "h_beack",
					"parent": "h_head",
					"pivot": [-0.38667, 14.14804, -0.87508],
					"cubes": [
						{
							"origin": [-0.83333, 14.42667, -2.39],
							"size": [0.89333, 0.84, 0.71667],
							"uv": {
								"north": {"uv": [0.08811, 17.79736], "uv_size": [0.70485, 0.44053]},
								"east": {"uv": [0.08811, 17.79736], "uv_size": [0.70485, 0.44053]},
								"south": {"uv": [0.08811, 17.79736], "uv_size": [0.70485, 0.44053]},
								"west": {"uv": [0.08811, 17.79736], "uv_size": [0.70485, 0.44053]},
								"up": {"uv": [0.79295, 18.23789], "uv_size": [-0.70485, -0.44053]},
								"down": {"uv": [0.79295, 18.23789], "uv_size": [-0.70485, -0.44053]}
							}
						},
						{
							"origin": [-0.62, 14.51153, -2.73016],
							"size": [0.46667, 0.46667, 0.55667],
							"pivot": [-0.38666, 14.74486, -2.45182],
							"rotation": [45, 0, 0],
							"uv": {
								"north": {"uv": [0.17621, 19.03084], "uv_size": [1.67401, 0.96916]},
								"east": {"uv": [0.17621, 19.03084], "uv_size": [1.67401, 0.96916]},
								"south": {"uv": [0.17621, 19.03084], "uv_size": [1.67401, 0.96916]},
								"west": {"uv": [0.17621, 19.03084], "uv_size": [1.67401, 0.96916]},
								"up": {"uv": [1.85022, 20], "uv_size": [-1.67401, -0.96916]},
								"down": {"uv": [1.85022, 20], "uv_size": [-1.67401, -0.96916]}
							}
						},
						{
							"origin": [-0.56667, 14.24638, -2.81362],
							"size": [0.36, 0.46666, 0.34333],
							"uv": {
								"north": {"uv": [0, 19.03084], "uv_size": [0.88106, 0.96916]},
								"east": {"uv": [0, 19.03084], "uv_size": [0.88106, 0.96916]},
								"south": {"uv": [0, 19.03084], "uv_size": [0.88106, 0.96916]},
								"west": {"uv": [0, 19.03084], "uv_size": [0.88106, 0.96916]},
								"up": {"uv": [0.88106, 20], "uv_size": [-0.88106, -0.96916]},
								"down": {"uv": [0.88106, 20], "uv_size": [-0.88106, -0.96916]}
							}
						},
						{
							"origin": [-0.46, 13.81971, -2.81362],
							"size": [0.14667, 0.46667, 0.34333],
							"uv": {
								"north": {"uv": [2.99559, 18.85463], "uv_size": [0.79295, 1.14537]},
								"east": {"uv": [2.99559, 18.85463], "uv_size": [0.79295, 1.14537]},
								"south": {"uv": [2.99559, 18.85463], "uv_size": [0.79295, 1.14537]},
								"west": {"uv": [2.99559, 18.85463], "uv_size": [0.79295, 1.14537]},
								"up": {"uv": [3.78855, 20], "uv_size": [-0.79295, -1.14537]},
								"down": {"uv": [3.78855, 20], "uv_size": [-0.79295, -1.14537]}
							}
						}
					]
				},
				{
					"name": "right_leg",
					"parent": "leggy_bird",
					"pivot": [-0.63061, 13.09547, 0],
					"cubes": [
						{
							"origin": [-4.5, 0, -0.5],
							"size": [1, 10, 1],
							"uv": {
								"north": {"uv": [13.56828, 18.85463], "uv_size": [1.23348, 1.14537]},
								"east": {"uv": [13.56828, 18.85463], "uv_size": [1.23348, 1.14537]},
								"south": {"uv": [13.56828, 18.85463], "uv_size": [1.23348, 1.14537]},
								"west": {"uv": [13.56828, 18.85463], "uv_size": [1.23348, 1.14537]},
								"up": {"uv": [14.80176, 20], "uv_size": [-1.23348, -1.14537]},
								"down": {"uv": [14.80176, 20], "uv_size": [-1.23348, -1.14537]}
							}
						},
						{
							"origin": [-1.15456, 8.25093, -0.44667],
							"size": [0.78667, 4.88, 0.89334],
							"pivot": [-0.71596, 13.16378, 0.0823],
							"rotation": [0, 0, 45],
							"uv": {
								"north": {"uv": [13.56828, 18.85463], "uv_size": [1.23348, 1.14537]},
								"east": {"uv": [13.56828, 18.85463], "uv_size": [1.23348, 1.14537]},
								"south": {"uv": [13.56828, 18.85463], "uv_size": [1.23348, 1.14537]},
								"west": {"uv": [13.56828, 18.85463], "uv_size": [1.23348, 1.14537]},
								"up": {"uv": [14.80176, 20], "uv_size": [-1.23348, -1.14537]},
								"down": {"uv": [14.80176, 20], "uv_size": [-1.23348, -1.14537]}
							}
						}
					]
				},
				{
					"name": "right_claws",
					"parent": "right_leg",
					"pivot": [-3.99944, 0.99405, 0.42582],
					"cubes": [
						{
							"origin": [-4.12333, 0.62333, -1],
							"size": [0.25, 0.25, 0.5],
							"uv": {
								"north": {"uv": [8.89868, 0], "uv_size": [-8.89868, 7.92952]},
								"east": {"uv": [8.89868, 0], "uv_size": [-8.89868, 7.92952]},
								"south": {"uv": [8.89868, 0], "uv_size": [-8.89868, 7.92952]},
								"west": {"uv": [8.89868, 0], "uv_size": [-8.89868, 7.92952]},
								"up": {"uv": [0, 7.92952], "uv_size": [8.89868, -7.92952]},
								"down": {"uv": [0, 7.92952], "uv_size": [8.89868, -7.92952]}
							}
						},
						{
							"origin": [-4.07, 0.13459, -0.95192],
							"size": [0.14333, 0.34, 0.25],
							"pivot": [-3.99833, 0.732, -0.49464],
							"rotation": [-45, 0, 0],
							"uv": {
								"north": {"uv": [8.89868, 0], "uv_size": [-8.89868, 7.92952]},
								"east": {"uv": [8.89868, 0], "uv_size": [-8.89868, 7.92952]},
								"south": {"uv": [8.89868, 0], "uv_size": [-8.89868, 7.92952]},
								"west": {"uv": [8.89868, 0], "uv_size": [-8.89868, 7.92952]},
								"up": {"uv": [0, 7.92952], "uv_size": [8.89868, -7.92952]},
								"down": {"uv": [0, 7.92952], "uv_size": [8.89868, -7.92952]}
							}
						},
						{
							"origin": [-4.01667, 0.29292, -1.24042],
							"size": [0.03667, 0.34, 0.19667],
							"uv": {
								"north": {"uv": [8.89868, 0], "uv_size": [-8.89868, 7.92952]},
								"east": {"uv": [8.89868, 0], "uv_size": [-8.89868, 7.92952]},
								"south": {"uv": [8.89868, 0], "uv_size": [-8.89868, 7.92952]},
								"west": {"uv": [8.89868, 0], "uv_size": [-8.89868, 7.92952]},
								"up": {"uv": [0, 7.92952], "uv_size": [8.89868, -7.92952]},
								"down": {"uv": [0, 7.92952], "uv_size": [8.89868, -7.92952]}
							}
						},
						{
							"origin": [-3.64333, -0.08042, -1.24042],
							"size": [0.03666, 0.34, 0.19667],
							"uv": {
								"north": {"uv": [8.89868, 0], "uv_size": [-8.89868, 7.92952]},
								"east": {"uv": [8.89868, 0], "uv_size": [-8.89868, 7.92952]},
								"south": {"uv": [8.89868, 0], "uv_size": [-8.89868, 7.92952]},
								"west": {"uv": [8.89868, 0], "uv_size": [-8.89868, 7.92952]},
								"up": {"uv": [0, 7.92952], "uv_size": [8.89868, -7.92952]},
								"down": {"uv": [0, 7.92952], "uv_size": [8.89868, -7.92952]}
							}
						},
						{
							"origin": [-3.69667, -0.23875, -0.95192],
							"size": [0.14334, 0.34, 0.25],
							"pivot": [-3.625, 0.35866, -0.49464],
							"rotation": [-45, 0, 0],
							"uv": {
								"north": {"uv": [8.89868, 0], "uv_size": [-8.89868, 7.92952]},
								"east": {"uv": [8.89868, 0], "uv_size": [-8.89868, 7.92952]},
								"south": {"uv": [8.89868, 0], "uv_size": [-8.89868, 7.92952]},
								"west": {"uv": [8.89868, 0], "uv_size": [-8.89868, 7.92952]},
								"up": {"uv": [0, 7.92952], "uv_size": [8.89868, -7.92952]},
								"down": {"uv": [0, 7.92952], "uv_size": [8.89868, -7.92952]}
							}
						},
						{
							"origin": [-3.75, 0.25, -1],
							"size": [0.25, 0.25, 0.5],
							"uv": {
								"north": {"uv": [8.89868, 0], "uv_size": [-8.89868, 7.92952]},
								"east": {"uv": [8.89868, 0], "uv_size": [-8.89868, 7.92952]},
								"south": {"uv": [8.89868, 0], "uv_size": [-8.89868, 7.92952]},
								"west": {"uv": [8.89868, 0], "uv_size": [-8.89868, 7.92952]},
								"up": {"uv": [0, 7.92952], "uv_size": [8.89868, -7.92952]},
								"down": {"uv": [0, 7.92952], "uv_size": [8.89868, -7.92952]}
							}
						},
						{
							"origin": [-4.39333, -0.08042, -1.24042],
							"size": [0.03666, 0.34, 0.19667],
							"uv": {
								"north": {"uv": [8.89868, 0], "uv_size": [-8.89868, 7.92952]},
								"east": {"uv": [8.89868, 0], "uv_size": [-8.89868, 7.92952]},
								"south": {"uv": [8.89868, 0], "uv_size": [-8.89868, 7.92952]},
								"west": {"uv": [8.89868, 0], "uv_size": [-8.89868, 7.92952]},
								"up": {"uv": [0, 7.92952], "uv_size": [8.89868, -7.92952]},
								"down": {"uv": [0, 7.92952], "uv_size": [8.89868, -7.92952]}
							}
						},
						{
							"origin": [-4.44667, -0.23875, -0.95192],
							"size": [0.14334, 0.34, 0.25],
							"pivot": [-4.375, 0.35866, -0.49464],
							"rotation": [-45, 0, 0],
							"uv": {
								"north": {"uv": [8.89868, 0], "uv_size": [-8.89868, 7.92952]},
								"east": {"uv": [8.89868, 0], "uv_size": [-8.89868, 7.92952]},
								"south": {"uv": [8.89868, 0], "uv_size": [-8.89868, 7.92952]},
								"west": {"uv": [8.89868, 0], "uv_size": [-8.89868, 7.92952]},
								"up": {"uv": [0, 7.92952], "uv_size": [8.89868, -7.92952]},
								"down": {"uv": [0, 7.92952], "uv_size": [8.89868, -7.92952]}
							}
						},
						{
							"origin": [-4.5, 0.25, -1],
							"size": [0.25, 0.25, 0.5],
							"uv": {
								"north": {"uv": [8.89868, 0], "uv_size": [-8.89868, 7.92952]},
								"east": {"uv": [8.89868, 0], "uv_size": [-8.89868, 7.92952]},
								"south": {"uv": [8.89868, 0], "uv_size": [-8.89868, 7.92952]},
								"west": {"uv": [8.89868, 0], "uv_size": [-8.89868, 7.92952]},
								"up": {"uv": [0, 7.92952], "uv_size": [8.89868, -7.92952]},
								"down": {"uv": [0, 7.92952], "uv_size": [8.89868, -7.92952]}
							}
						}
					]
				},
				{
					"name": "left_leg",
					"parent": "leggy_bird",
					"pivot": [-0.14563, 13.08045, 0],
					"cubes": [
						{
							"origin": [2.5, 0, -0.5],
							"size": [1, 10, 1],
							"uv": {
								"north": {"uv": [13.56828, 18.85463], "uv_size": [1.23348, 1.14537]},
								"east": {"uv": [13.56828, 18.85463], "uv_size": [1.23348, 1.14537]},
								"south": {"uv": [13.56828, 18.85463], "uv_size": [1.23348, 1.14537]},
								"west": {"uv": [13.56828, 18.85463], "uv_size": [1.23348, 1.14537]},
								"up": {"uv": [14.80176, 20], "uv_size": [-1.23348, -1.14537]},
								"down": {"uv": [14.80176, 20], "uv_size": [-1.23348, -1.14537]}
							}
						},
						{
							"origin": [-0.23125, 12.76756, -0.44667],
							"size": [4.88, 0.78667, 0.89334],
							"pivot": [-0.21596, 13.16378, 0.0823],
							"rotation": [0, 0, 45],
							"uv": {
								"north": {"uv": [13.56828, 18.85463], "uv_size": [1.23348, 1.14537]},
								"east": {"uv": [13.56828, 18.85463], "uv_size": [1.23348, 1.14537]},
								"south": {"uv": [13.56828, 18.85463], "uv_size": [1.23348, 1.14537]},
								"west": {"uv": [13.56828, 18.85463], "uv_size": [1.23348, 1.14537]},
								"up": {"uv": [14.80176, 20], "uv_size": [-1.23348, -1.14537]},
								"down": {"uv": [14.80176, 20], "uv_size": [-1.23348, -1.14537]}
							}
						}
					]
				},
				{
					"name": "left_claws",
					"parent": "left_leg",
					"pivot": [3.00056, 0.99405, 0.42582],
					"cubes": [
						{
							"origin": [2.87667, 0.62333, -1],
							"size": [0.25, 0.25, 0.5],
							"uv": {
								"north": {"uv": [0, 0], "uv_size": [8.81057, 7.92952]},
								"east": {"uv": [0, 0], "uv_size": [8.81057, 7.92952]},
								"south": {"uv": [0, 0], "uv_size": [8.81057, 7.92952]},
								"west": {"uv": [0, 0], "uv_size": [8.81057, 7.92952]},
								"up": {"uv": [8.81057, 7.92952], "uv_size": [-8.81057, -7.92952]},
								"down": {"uv": [8.81057, 7.92952], "uv_size": [-8.81057, -7.92952]}
							}
						},
						{
							"origin": [2.93, 0.12045, -0.94607],
							"size": [0.14333, 0.34, 0.25],
							"pivot": [3.00167, 0.732, -0.47464],
							"rotation": [-45, 0, 0],
							"uv": {
								"north": {"uv": [0, 0], "uv_size": [8.81057, 7.92952]},
								"east": {"uv": [0, 0], "uv_size": [8.81057, 7.92952]},
								"south": {"uv": [0, 0], "uv_size": [8.81057, 7.92952]},
								"west": {"uv": [0, 0], "uv_size": [8.81057, 7.92952]},
								"up": {"uv": [8.81057, 7.92952], "uv_size": [-8.81057, -7.92952]},
								"down": {"uv": [8.81057, 7.92952], "uv_size": [-8.81057, -7.92952]}
							}
						},
						{
							"origin": [2.98333, 0.29292, -1.24042],
							"size": [0.03667, 0.34, 0.19667],
							"uv": {
								"north": {"uv": [0, 0], "uv_size": [8.81057, 7.92952]},
								"east": {"uv": [0, 0], "uv_size": [8.81057, 7.92952]},
								"south": {"uv": [0, 0], "uv_size": [8.81057, 7.92952]},
								"west": {"uv": [0, 0], "uv_size": [8.81057, 7.92952]},
								"up": {"uv": [8.81057, 7.92952], "uv_size": [-8.81057, -7.92952]},
								"down": {"uv": [8.81057, 7.92952], "uv_size": [-8.81057, -7.92952]}
							}
						},
						{
							"origin": [3.35667, -0.08042, -1.24042],
							"size": [0.03666, 0.34, 0.19667],
							"uv": {
								"north": {"uv": [0, 0], "uv_size": [8.81057, 7.92952]},
								"east": {"uv": [0, 0], "uv_size": [8.81057, 7.92952]},
								"south": {"uv": [0, 0], "uv_size": [8.81057, 7.92952]},
								"west": {"uv": [0, 0], "uv_size": [8.81057, 7.92952]},
								"up": {"uv": [8.81057, 7.92952], "uv_size": [-8.81057, -7.92952]},
								"down": {"uv": [8.81057, 7.92952], "uv_size": [-8.81057, -7.92952]}
							}
						},
						{
							"origin": [3.30333, -0.23875, -0.95192],
							"size": [0.14334, 0.34, 0.25],
							"pivot": [3.375, 0.35866, -0.49464],
							"rotation": [-45, 0, 0],
							"uv": {
								"north": {"uv": [0, 0], "uv_size": [8.81057, 7.92952]},
								"east": {"uv": [0, 0], "uv_size": [8.81057, 7.92952]},
								"south": {"uv": [0, 0], "uv_size": [8.81057, 7.92952]},
								"west": {"uv": [0, 0], "uv_size": [8.81057, 7.92952]},
								"up": {"uv": [8.81057, 7.92952], "uv_size": [-8.81057, -7.92952]},
								"down": {"uv": [8.81057, 7.92952], "uv_size": [-8.81057, -7.92952]}
							}
						},
						{
							"origin": [3.25, 0.25, -1],
							"size": [0.25, 0.25, 0.5],
							"uv": {
								"north": {"uv": [0, 0], "uv_size": [8.81057, 7.92952]},
								"east": {"uv": [0, 0], "uv_size": [8.81057, 7.92952]},
								"south": {"uv": [0, 0], "uv_size": [8.81057, 7.92952]},
								"west": {"uv": [0, 0], "uv_size": [8.81057, 7.92952]},
								"up": {"uv": [8.81057, 7.92952], "uv_size": [-8.81057, -7.92952]},
								"down": {"uv": [8.81057, 7.92952], "uv_size": [-8.81057, -7.92952]}
							}
						},
						{
							"origin": [2.60667, -0.08042, -1.24042],
							"size": [0.03666, 0.34, 0.19667],
							"uv": {
								"north": {"uv": [0, 0], "uv_size": [8.81057, 7.92952]},
								"east": {"uv": [0, 0], "uv_size": [8.81057, 7.92952]},
								"south": {"uv": [0, 0], "uv_size": [8.81057, 7.92952]},
								"west": {"uv": [0, 0], "uv_size": [8.81057, 7.92952]},
								"up": {"uv": [8.81057, 7.92952], "uv_size": [-8.81057, -7.92952]},
								"down": {"uv": [8.81057, 7.92952], "uv_size": [-8.81057, -7.92952]}
							}
						},
						{
							"origin": [2.55333, -0.23875, -0.95192],
							"size": [0.14334, 0.34, 0.25],
							"pivot": [2.625, 0.35866, -0.49464],
							"rotation": [-45, 0, 0],
							"uv": {
								"north": {"uv": [0, 0], "uv_size": [8.81057, 7.92952]},
								"east": {"uv": [0, 0], "uv_size": [8.81057, 7.92952]},
								"south": {"uv": [0, 0], "uv_size": [8.81057, 7.92952]},
								"west": {"uv": [0, 0], "uv_size": [8.81057, 7.92952]},
								"up": {"uv": [8.81057, 7.92952], "uv_size": [-8.81057, -7.92952]},
								"down": {"uv": [8.81057, 7.92952], "uv_size": [-8.81057, -7.92952]}
							}
						},
						{
							"origin": [2.5, 0.25, -1],
							"size": [0.25, 0.25, 0.5],
							"uv": {
								"north": {"uv": [0, 0], "uv_size": [8.81057, 7.92952]},
								"east": {"uv": [0, 0], "uv_size": [8.81057, 7.92952]},
								"south": {"uv": [0, 0], "uv_size": [8.81057, 7.92952]},
								"west": {"uv": [0, 0], "uv_size": [8.81057, 7.92952]},
								"up": {"uv": [8.81057, 7.92952], "uv_size": [-8.81057, -7.92952]},
								"down": {"uv": [8.81057, 7.92952], "uv_size": [-8.81057, -7.92952]}
							}
						}
					]
				},
				{
					"name": "hitbox",
					"parent": "leggy_bird",
					"pivot": [-0.5, 13.99667, 0],
					"cubes": [
						{
							"origin": [-4.5, 0, -4],
							"size": [8, 18.49333, 8],
							"uv": {
								"north": {"uv": [9.77974, 8.54626], "uv_size": [0.26432, 0.52863]},
								"east": {"uv": [9.77974, 8.54626], "uv_size": [0.26432, 0.52863]},
								"south": {"uv": [9.77974, 8.54626], "uv_size": [0.26432, 0.52863]},
								"west": {"uv": [9.77974, 8.54626], "uv_size": [0.26432, 0.52863]},
								"up": {"uv": [10.04405, 9.07489], "uv_size": [-0.26432, -0.52863]},
								"down": {"uv": [10.04405, 9.07489], "uv_size": [-0.26432, -0.52863]}
							}
						}
					]
				}
			]
		}
	]
}