{
	"format_version": "1.8.0",
	"animations": {
		"animation.leggy_bird_model.new": {
			"animation_length": 1.68,
			"bones": {
				"left_leg": {
					"rotation": {
						"0.0": [0, 0, 0],
						"0.24": [-27.5, 0, 0],
						"0.48": [-90, 0, 0],
						"0.96": [0, 0, 0],
						"1.44": [90, 0, 0],
						"1.68": [27.5, 0, 0]
					}
				},
				"right_leg": {
					"rotation": {
						"0.0": [0, 0, 0],
						"0.24": [27.5, 0, 0],
						"0.48": [90, 0, 0],
						"0.96": [0, 0, 0],
						"1.44": [-90, 0, 0],
						"1.68": [-27.5, 0, 0]
					}
				}
			}
		}
	}
}